{"9 Grand Kids": [{"id": 1, "week": 7, "partner": "Wiscompton Wu-Tang", "received": [26615410], "traded": [2167484], "received_value": 2.596082801174868, "traded_value": -0.5779481121355035, "received_stats": {"z": 2.596082801174868, "R": 0.0, "RBI": 0.0, "HR": 0.0, "SB": 0.0, "BA": 0.0, "W": 9.0, "SO": 92.0, "SvHld": 0.0, "ERA": -18.39663752919489, "WHIP": -2.1357503966572153}, "traded_stats": {"z": -0.5779481121355035, "R": 34.0, "RBI": 15.0, "HR": 1.0, "SB": 20.0, "BA": -14.164927623410371, "W": 0.0, "SO": 0.0, "SvHld": 0.0, "ERA": 0.0, "WHIP": 0.0}, "received_names": ["Bryce Elder"], "traded_names": ["Jorge Mateo"]}], "Brewbirds": [{"id": 2, "week": 7, "partner": "Wiscompton Wu-Tang", "received": [1600680], "traded": [2835054], "received_value": 6.994021630705243, "traded_value": -0.22711596894905084, "received_stats": {"z": 6.994021630705243, "R": 68.0, "RBI": 84.0, "HR": 21.0, "SB": 2.0, "BA": 13.125666119118677, "W": 0.0, "SO": 0.0, "SvHld": 0.0, "ERA": 0.0, "WHIP": 0.0}, "traded_stats": {"z": -0.22711596894905084, "R": 0.0, "RBI": 0.0, "HR": 0.0, "SB": 0.0, "BA": 0.0, "W": 4.0, "SO": 105.0, "SvHld": 0.0, "ERA": -75.83302454840208, "WHIP": -8.267253358036129}, "received_names": ["Justin Turner"], "traded_names": ["Hunter Greene"]}], "Charmer": [{"id": 3, "week": 5, "partner": "Wiscompton Wu-Tang", "received": [2942981], "traded": [2066704], "received_value": 0.7078089994206049, "traded_value": 4.124874289406571, "received_stats": {"z": 0.7078089994206049, "R": 38.0, "RBI": 25.0, "HR": 4.0, "SB": 23.0, "BA": -11.63635150229365, "W": 0.0, "SO": 0.0, "SvHld": 0.0, "ERA": 0.0, "WHIP": 0.0}, "traded_stats": {"z": 4.124874289406571, "R": 0.0, "RBI": 0.0, "HR": 0.0, "SB": 0.0, "BA": 0.0, "W": 7.0, "SO": 112.0, "SvHld": 4.0, "ERA": 21.186721991701233, "WHIP": 8.874135546334713}, "received_names": ["Brice Turang"], "traded_names": ["Sean Manaea"]}, {"id": 4, "week": 19, "partner": "Lima Time!", "received": [2000027], "traded": [2911279], "received_value": -3.1230141313742656, "traded_value": 4.064918751128081, "received_stats": {"z": -3.1230141313742656, "R": 0.0, "RBI": 0.0, "HR": 0.0, "SB": 0.0, "BA": 0.0, "W": 2.0, "SO": 68.0, "SvHld": 0.0, "ERA": -178.7093023255814, "WHIP": -11.604651162790688}, "traded_stats": {"z": 4.064918751128081, "R": 0.0, "RBI": 0.0, "HR": 0.0, "SB": 0.0, "BA": 0.0, "W": 1.0, "SO": 29.0, "SvHld": 10.0, "ERA": 49.620088211708094, "WHIP": 2.5384923817161216}, "received_names": ["Lucas Giolito"], "traded_names": ["Jhoan Duran"]}], "Harveys Wallbangers": [{"id": 5, "week": 16, "partner": "Wiscompton Wu-Tang", "received": [2942960, 2211794], "traded": [2507358, 2915614], "received_value": 9.785229993950836, "traded_value": 2.217086284743742, "received_stats": {"z": 9.785229993950836, "R": 37.0, "RBI": 40.0, "HR": 11.0, "SB": 1.0, "BA": 5.09725884421006, "W": 4.0, "SO": 57.0, "SvHld": 0.0, "ERA": 83.42280643352723, "WHIP": 11.638744831452797}, "traded_stats": {"z": 2.217086284743742, "R": 30.0, "RBI": 30.0, "HR": 10.0, "SB": 8.0, "BA": 0.9888211382113852, "W": 3.0, "SO": 28.0, "SvHld": 0.0, "ERA": -97.05773705235123, "WHIP": -3.4611044922559344}, "received_names": ["Alec Bohm", "Sandy Alcantara"], "traded_names": ["Jazz Chisholm", "Tony Gonsolin"]}], "Lil Trump & the Ivanabees": [{"id": 6, "week": 21, "partner": "Wiscompton Wu-Tang", "received": [2507358, 2824831], "traded": [1893753], "received_value": 7.301388814592033, "traded_value": 12.036832007760648, "received_stats": {"z": 7.301388814592033, "R": 23.0, "RBI": 26.0, "HR": 8.0, "SB": 7.0, "BA": 0.9596559953172132, "W": 3.0, "SO": 37.0, "SvHld": 0.0, "ERA": 18.96258893734222, "WHIP": -11.342666972687624}, "traded_stats": {"z": 12.036832007760648, "R": 0.0, "RBI": 0.0, "HR": 0.0, "SB": 0.0, "BA": 0.0, "W": 5.0, "SO": 56.0, "SvHld": 0.0, "ERA": 113.58136332338762, "WHIP": 28.644021115446407}, "received_names": ["Jazz Chisholm", "Johan Oviedo"], "traded_names": ["Gerrit Cole"]}], "Lima Time!": [{"id": 4, "week": 19, "partner": "Charmer", "received": [2911279], "traded": [2000027], "received_value": 4.064918751128081, "traded_value": -3.1230141313742656, "received_stats": {"z": 4.064918751128081, "R": 0.0, "RBI": 0.0, "HR": 0.0, "SB": 0.0, "BA": 0.0, "W": 1.0, "SO": 29.0, "SvHld": 10.0, "ERA": 49.620088211708094, "WHIP": 2.5384923817161216}, "traded_stats": {"z": -3.1230141313742656, "R": 0.0, "RBI": 0.0, "HR": 0.0, "SB": 0.0, "BA": 0.0, "W": 2.0, "SO": 68.0, "SvHld": 0.0, "ERA": -178.7093023255814, "WHIP": -11.604651162790688}, "received_names": ["Jhoan Duran"], "traded_names": ["Lucas Giolito"]}, {"id": 7, "week": 7, "partner": "Ugly Spuds", "received": [2184351, 1937347], "traded": [2942960, 530362], "received_value": 8.670242926369857, "traded_value": 16.376074815618257, "received_stats": {"z": 8.670242926369857, "R": 84.0, "RBI": 83.0, "HR": 21.0, "SB": 3.0, "BA": 15.232414840864053, "W": 6.0, "SO": 101.0, "SvHld": 0.0, "ERA": -73.73648655307323, "WHIP": -5.288973421501282}, "traded_stats": {"z": 16.376074815618257, "R": 60.0, "RBI": 72.0, "HR": 17.0, "SB": 3.0, "BA": 11.634561845930804, "W": 13.0, "SO": 139.0, "SvHld": 0.0, "ERA": 175.21196771555003, "WHIP": 28.339814531944484}, "received_names": ["Alex Bregman", "Yu Darvish"], "traded_names": ["Alec Bohm", "Justin Verlander"]}, {"id": 8, "week": 12, "partner": "Ugly Spuds", "received": [2041873], "traded": [2001082], "received_value": 10.572298176704045, "traded_value": -2.9992011132735374, "received_stats": {"z": 10.572298176704045, "R": 65.0, "RBI": 62.0, "HR": 26.0, "SB": 2.0, "BA": 22.994871325212927, "W": 0.0, "SO": 0.0, "SvHld": 0.0, "ERA": 0.0, "WHIP": 0.0}, "traded_stats": {"z": -2.9992011132735374, "R": 0.0, "RBI": 0.0, "HR": 0.0, "SB": 0.0, "BA": 0.0, "W": 3.0, "SO": 46.0, "SvHld": 0.0, "ERA": -110.0526239825241, "WHIP": -15.97571060775492}, "received_names": ["Corey Seager"], "traded_names": ["Marcus Stroman"]}, {"id": 9, "week": 22, "partner": "Wiscompton Wu-Tang", "received": [2942984, 2821213, 3117421], "traded": [1937347, 3095687], "received_value": 13.121039670307695, "traded_value": -3.3387931659122314, "received_stats": {"z": 13.121039670307695, "R": 25.0, "RBI": 8.0, "HR": 0.0, "SB": 11.0, "BA": 4.798537477148081, "W": 2.0, "SO": 40.0, "SvHld": 14.0, "ERA": 59.65224758297618, "WHIP": 4.700189375062294}, "traded_stats": {"z": -3.3387931659122314, "R": 15.0, "RBI": 12.0, "HR": 0.0, "SB": 4.0, "BA": -3.0208409506398546, "W": 0.0, "SO": 3.0, "SvHld": 0.0, "ERA": -27.557958736170637, "WHIP": -1.7166351041562846}, "received_names": ["Nico Hoerner", "Adbert Alzolay", "Peter Fairbanks"], "traded_names": ["Ji-Hwan Bae", "Yu Darvish"]}], "Roid Ragers": [{"id": 10, "week": 13, "partner": "Wiscompton Wu-Tang", "received": [2167484, 2837306], "traded": [3117421, 1894628], "received_value": 4.210803012312436, "traded_value": 5.38191910595859, "received_stats": {"z": 4.210803012312436, "R": 24.0, "RBI": 7.0, "HR": 1.0, "SB": 12.0, "BA": -5.638894635410431, "W": 4.0, "SO": 92.0, "SvHld": 0.0, "ERA": 36.59047168761822, "WHIP": 16.74096117476917}, "traded_stats": {"z": 5.38191910595859, "R": 30.0, "RBI": 24.0, "HR": 4.0, "SB": 6.0, "BA": -10.02125366113912, "W": 2.0, "SO": 57.0, "SvHld": 19.0, "ERA": 49.78725108465903, "WHIP": 8.996662587607076}, "received_names": ["Jorge Mateo", "Bailey Ober"], "traded_names": ["Javier Baez", "Peter Fairbanks"]}], "Ugly Spuds": [{"id": 7, "week": 7, "partner": "Lima Time!", "received": [2942960, 530362], "traded": [2184351, 1937347], "received_value": 16.376074815618257, "traded_value": 8.670242926369857, "received_stats": {"z": 16.376074815618257, "R": 60.0, "RBI": 72.0, "HR": 17.0, "SB": 3.0, "BA": 11.634561845930804, "W": 13.0, "SO": 139.0, "SvHld": 0.0, "ERA": 175.21196771555003, "WHIP": 28.339814531944484}, "traded_stats": {"z": 8.670242926369857, "R": 84.0, "RBI": 83.0, "HR": 21.0, "SB": 3.0, "BA": 15.232414840864053, "W": 6.0, "SO": 101.0, "SvHld": 0.0, "ERA": -73.73648655307323, "WHIP": -5.288973421501282}, "received_names": ["Alec Bohm", "Justin Verlander"],